Date,DateKey,DayOfMonth,DayName,DayNameShort,DayOfWeek,WeekOfYear,Month,MonthName,MonthNameShort,Quarter,Year,YearHalf,IsWeekend,IsWeekday
01/01/2020,20200101,1,Wednesday,Wed,3,1,1,January,Jan,1,2020,1,False,True
01/02/2020,20200102,2,Thursday,Thu,4,1,1,January,Jan,1,2020,1,False,True
01/03/2020,20200103,3,Friday,Fri,5,1,1,January,Jan,1,2020,1,False,True
01/04/2020,20200104,4,Saturday,Sat,6,1,1,January,Jan,1,2020,1,True,False
01/05/2020,20200105,5,Sunday,Sun,7,1,1,January,Jan,1,2020,1,True,False
01/06/2020,20200106,6,Monday,Mon,1,2,1,January,Jan,1,2020,1,False,True
01/07/2020,20200107,7,Tuesday,Tue,2,2,1,January,Jan,1,2020,1,False,True
01/08/2020,20200108,8,Wednesday,Wed,3,2,1,January,Jan,1,2020,1,False,True
01/09/2020,20200109,9,Thursday,Thu,4,2,1,January,Jan,1,2020,1,False,True
01/10/2020,20200110,10,Friday,Fri,5,2,1,January,Jan,1,2020,1,False,True
01/11/2020,20200111,11,Saturday,Sat,6,2,1,January,Jan,1,2020,1,True,False
01/12/2020,20200112,12,Sunday,Sun,7,2,1,January,Jan,1,2020,1,True,False
01/13/2020,20200113,13,Monday,Mon,1,3,1,January,Jan,1,2020,1,False,True
01/14/2020,20200114,14,Tuesday,Tue,2,3,1,January,Jan,1,2020,1,False,True
01/15/2020,20200115,15,Wednesday,Wed,3,3,1,January,Jan,1,2020,1,False,True
01/16/2020,20200116,16,Thursday,Thu,4,3,1,January,Jan,1,2020,1,False,True
01/17/2020,20200117,17,Friday,Fri,5,3,1,January,Jan,1,2020,1,False,True
01/18/2020,20200118,18,Saturday,Sat,6,3,1,January,Jan,1,2020,1,True,False
01/19/2020,20200119,19,Sunday,Sun,7,3,1,January,Jan,1,2020,1,True,False
01/20/2020,20200120,20,Monday,Mon,1,4,1,January,Jan,1,2020,1,False,True
01/21/2020,20200121,21,Tuesday,Tue,2,4,1,January,Jan,1,2020,1,False,True
01/22/2020,20200122,22,Wednesday,Wed,3,4,1,January,Jan,1,2020,1,False,True
01/23/2020,20200123,23,Thursday,Thu,4,4,1,January,Jan,1,2020,1,False,True
01/24/2020,20200124,24,Friday,Fri,5,4,1,January,Jan,1,2020,1,False,True
01/25/2020,20200125,25,Saturday,Sat,6,4,1,January,Jan,1,2020,1,True,False
01/26/2020,20200126,26,Sunday,Sun,7,4,1,January,Jan,1,2020,1,True,False
01/27/2020,20200127,27,Monday,Mon,1,5,1,January,Jan,1,2020,1,False,True
01/28/2020,20200128,28,Tuesday,Tue,2,5,1,January,Jan,1,2020,1,False,True
01/29/2020,20200129,29,Wednesday,Wed,3,5,1,January,Jan,1,2020,1,False,True
01/30/2020,20200130,30,Thursday,Thu,4,5,1,January,Jan,1,2020,1,False,True
01/31/2020,20200131,31,Friday,Fri,5,5,1,January,Jan,1,2020,1,False,True
02/01/2020,20200201,1,Saturday,Sat,6,5,2,February,Feb,1,2020,1,True,False
02/02/2020,20200202,2,Sunday,Sun,7,5,2,February,Feb,1,2020,1,True,False
02/03/2020,20200203,3,Monday,Mon,1,6,2,February,Feb,1,2020,1,False,True
02/04/2020,20200204,4,Tuesday,Tue,2,6,2,February,Feb,1,2020,1,False,True
02/05/2020,20200205,5,Wednesday,Wed,3,6,2,February,Feb,1,2020,1,False,True
02/06/2020,20200206,6,Thursday,Thu,4,6,2,February,Feb,1,2020,1,False,True
02/07/2020,20200207,7,Friday,Fri,5,6,2,February,Feb,1,2020,1,False,True
02/08/2020,20200208,8,Saturday,Sat,6,6,2,February,Feb,1,2020,1,True,False
02/09/2020,20200209,9,Sunday,Sun,7,6,2,February,Feb,1,2020,1,True,False
02/10/2020,20200210,10,Monday,Mon,1,7,2,February,Feb,1,2020,1,False,True
02/11/2020,20200211,11,Tuesday,Tue,2,7,2,February,Feb,1,2020,1,False,True
02/12/2020,20200212,12,Wednesday,Wed,3,7,2,February,Feb,1,2020,1,False,True
02/13/2020,20200213,13,Thursday,Thu,4,7,2,February,Feb,1,2020,1,False,True
02/14/2020,20200214,14,Friday,Fri,5,7,2,February,Feb,1,2020,1,False,True
02/15/2020,20200215,15,Saturday,Sat,6,7,2,February,Feb,1,2020,1,True,False
02/16/2020,20200216,16,Sunday,Sun,7,7,2,February,Feb,1,2020,1,True,False
02/17/2020,20200217,17,Monday,Mon,1,8,2,February,Feb,1,2020,1,False,True
02/18/2020,20200218,18,Tuesday,Tue,2,8,2,February,Feb,1,2020,1,False,True
02/19/2020,20200219,19,Wednesday,Wed,3,8,2,February,Feb,1,2020,1,False,True
02/20/2020,20200220,20,Thursday,Thu,4,8,2,February,Feb,1,2020,1,False,True
02/21/2020,20200221,21,Friday,Fri,5,8,2,February,Feb,1,2020,1,False,True
02/22/2020,20200222,22,Saturday,Sat,6,8,2,February,Feb,1,2020,1,True,False
02/23/2020,20200223,23,Sunday,Sun,7,8,2,February,Feb,1,2020,1,True,False
02/24/2020,20200224,24,Monday,Mon,1,9,2,February,Feb,1,2020,1,False,True
02/25/2020,20200225,25,Tuesday,Tue,2,9,2,February,Feb,1,2020,1,False,True
02/26/2020,20200226,26,Wednesday,Wed,3,9,2,February,Feb,1,2020,1,False,True
02/27/2020,20200227,27,Thursday,Thu,4,9,2,February,Feb,1,2020,1,False,True
02/28/2020,20200228,28,Friday,Fri,5,9,2,February,Feb,1,2020,1,False,True
02/29/2020,20200229,29,Saturday,Sat,6,9,2,February,Feb,1,2020,1,True,False
03/01/2020,20200301,1,Sunday,Sun,7,9,3,March,Mar,1,2020,1,True,False
03/02/2020,20200302,2,Monday,Mon,1,10,3,March,Mar,1,2020,1,False,True
03/03/2020,20200303,3,Tuesday,Tue,2,10,3,March,Mar,1,2020,1,False,True
03/04/2020,20200304,4,Wednesday,Wed,3,10,3,March,Mar,1,2020,1,False,True
03/05/2020,20200305,5,Thursday,Thu,4,10,3,March,Mar,1,2020,1,False,True
03/06/2020,20200306,6,Friday,Fri,5,10,3,March,Mar,1,2020,1,False,True
03/07/2020,20200307,7,Saturday,Sat,6,10,3,March,Mar,1,2020,1,True,False
03/08/2020,20200308,8,Sunday,Sun,7,10,3,March,Mar,1,2020,1,True,False
03/09/2020,20200309,9,Monday,Mon,1,11,3,March,Mar,1,2020,1,False,True
03/10/2020,20200310,10,Tuesday,Tue,2,11,3,March,Mar,1,2020,1,False,True
03/11/2020,20200311,11,Wednesday,Wed,3,11,3,March,Mar,1,2020,1,False,True
03/12/2020,20200312,12,Thursday,Thu,4,11,3,March,Mar,1,2020,1,False,True
03/13/2020,20200313,13,Friday,Fri,5,11,3,March,Mar,1,2020,1,False,True
03/14/2020,20200314,14,Saturday,Sat,6,11,3,March,Mar,1,2020,1,True,False
03/15/2020,20200315,15,Sunday,Sun,7,11,3,March,Mar,1,2020,1,True,False
03/16/2020,20200316,16,Monday,Mon,1,12,3,March,Mar,1,2020,1,False,True
03/17/2020,20200317,17,Tuesday,Tue,2,12,3,March,Mar,1,2020,1,False,True
03/18/2020,20200318,18,Wednesday,Wed,3,12,3,March,Mar,1,2020,1,False,True
03/19/2020,20200319,19,Thursday,Thu,4,12,3,March,Mar,1,2020,1,False,True
03/20/2020,20200320,20,Friday,Fri,5,12,3,March,Mar,1,2020,1,False,True
03/21/2020,20200321,21,Saturday,Sat,6,12,3,March,Mar,1,2020,1,True,False
03/22/2020,20200322,22,Sunday,Sun,7,12,3,March,Mar,1,2020,1,True,False
03/23/2020,20200323,23,Monday,Mon,1,13,3,March,Mar,1,2020,1,False,True
03/24/2020,20200324,24,Tuesday,Tue,2,13,3,March,Mar,1,2020,1,False,True
03/25/2020,20200325,25,Wednesday,Wed,3,13,3,March,Mar,1,2020,1,False,True
03/26/2020,20200326,26,Thursday,Thu,4,13,3,March,Mar,1,2020,1,False,True
03/27/2020,20200327,27,Friday,Fri,5,13,3,March,Mar,1,2020,1,False,True
03/28/2020,20200328,28,Saturday,Sat,6,13,3,March,Mar,1,2020,1,True,False
03/29/2020,20200329,29,Sunday,Sun,7,13,3,March,Mar,1,2020,1,True,False
03/30/2020,20200330,30,Monday,Mon,1,14,3,March,Mar,1,2020,1,False,True
03/31/2020,20200331,31,Tuesday,Tue,2,14,3,March,Mar,1,2020,1,False,True
04/01/2020,20200401,1,Wednesday,Wed,3,14,4,April,Apr,2,2020,1,False,True
04/02/2020,20200402,2,Thursday,Thu,4,14,4,April,Apr,2,2020,1,False,True
04/03/2020,20200403,3,Friday,Fri,5,14,4,April,Apr,2,2020,1,False,True
04/04/2020,20200404,4,Saturday,Sat,6,14,4,April,Apr,2,2020,1,True,False
04/05/2020,20200405,5,Sunday,Sun,7,14,4,April,Apr,2,2020,1,True,False
04/06/2020,20200406,6,Monday,Mon,1,15,4,April,Apr,2,2020,1,False,True
04/07/2020,20200407,7,Tuesday,Tue,2,15,4,April,Apr,2,2020,1,False,True
04/08/2020,20200408,8,Wednesday,Wed,3,15,4,April,Apr,2,2020,1,False,True
04/09/2020,20200409,9,Thursday,Thu,4,15,4,April,Apr,2,2020,1,False,True
04/10/2020,20200410,10,Friday,Fri,5,15,4,April,Apr,2,2020,1,False,True
04/11/2020,20200411,11,Saturday,Sat,6,15,4,April,Apr,2,2020,1,True,False
04/12/2020,20200412,12,Sunday,Sun,7,15,4,April,Apr,2,2020,1,True,False
04/13/2020,20200413,13,Monday,Mon,1,16,4,April,Apr,2,2020,1,False,True
04/14/2020,20200414,14,Tuesday,Tue,2,16,4,April,Apr,2,2020,1,False,True
04/15/2020,20200415,15,Wednesday,Wed,3,16,4,April,Apr,2,2020,1,False,True
04/16/2020,20200416,16,Thursday,Thu,4,16,4,April,Apr,2,2020,1,False,True
04/17/2020,20200417,17,Friday,Fri,5,16,4,April,Apr,2,2020,1,False,True
04/18/2020,20200418,18,Saturday,Sat,6,16,4,April,Apr,2,2020,1,True,False
04/19/2020,20200419,19,Sunday,Sun,7,16,4,April,Apr,2,2020,1,True,False
04/20/2020,20200420,20,Monday,Mon,1,17,4,April,Apr,2,2020,1,False,True
04/21/2020,20200421,21,Tuesday,Tue,2,17,4,April,Apr,2,2020,1,False,True
04/22/2020,20200422,22,Wednesday,Wed,3,17,4,April,Apr,2,2020,1,False,True
04/23/2020,20200423,23,Thursday,Thu,4,17,4,April,Apr,2,2020,1,False,True
04/24/2020,20200424,24,Friday,Fri,5,17,4,April,Apr,2,2020,1,False,True
04/25/2020,20200425,25,Saturday,Sat,6,17,4,April,Apr,2,2020,1,True,False
04/26/2020,20200426,26,Sunday,Sun,7,17,4,April,Apr,2,2020,1,True,False
04/27/2020,20200427,27,Monday,Mon,1,18,4,April,Apr,2,2020,1,False,True
04/28/2020,20200428,28,Tuesday,Tue,2,18,4,April,Apr,2,2020,1,False,True
04/29/2020,20200429,29,Wednesday,Wed,3,18,4,April,Apr,2,2020,1,False,True
04/30/2020,20200430,30,Thursday,Thu,4,18,4,April,Apr,2,2020,1,False,True
05/01/2020,20200501,1,Friday,Fri,5,18,5,May,May,2,2020,1,False,True
05/02/2020,20200502,2,Saturday,Sat,6,18,5,May,May,2,2020,1,True,False
05/03/2020,20200503,3,Sunday,Sun,7,18,5,May,May,2,2020,1,True,False
05/04/2020,20200504,4,Monday,Mon,1,19,5,May,May,2,2020,1,False,True
05/05/2020,20200505,5,Tuesday,Tue,2,19,5,May,May,2,2020,1,False,True
05/06/2020,20200506,6,Wednesday,Wed,3,19,5,May,May,2,2020,1,False,True
05/07/2020,20200507,7,Thursday,Thu,4,19,5,May,May,2,2020,1,False,True
05/08/2020,20200508,8,Friday,Fri,5,19,5,May,May,2,2020,1,False,True
05/09/2020,20200509,9,Saturday,Sat,6,19,5,May,May,2,2020,1,True,False
05/10/2020,20200510,10,Sunday,Sun,7,19,5,May,May,2,2020,1,True,False
05/11/2020,20200511,11,Monday,Mon,1,20,5,May,May,2,2020,1,False,True
05/12/2020,20200512,12,Tuesday,Tue,2,20,5,May,May,2,2020,1,False,True
05/13/2020,20200513,13,Wednesday,Wed,3,20,5,May,May,2,2020,1,False,True
05/14/2020,20200514,14,Thursday,Thu,4,20,5,May,May,2,2020,1,False,True
05/15/2020,20200515,15,Friday,Fri,5,20,5,May,May,2,2020,1,False,True
05/16/2020,20200516,16,Saturday,Sat,6,20,5,May,May,2,2020,1,True,False
05/17/2020,20200517,17,Sunday,Sun,7,20,5,May,May,2,2020,1,True,False
05/18/2020,20200518,18,Monday,Mon,1,21,5,May,May,2,2020,1,False,True
05/19/2020,20200519,19,Tuesday,Tue,2,21,5,May,May,2,2020,1,False,True
05/20/2020,20200520,20,Wednesday,Wed,3,21,5,May,May,2,2020,1,False,True
05/21/2020,20200521,21,Thursday,Thu,4,21,5,May,May,2,2020,1,False,True
05/22/2020,20200522,22,Friday,Fri,5,21,5,May,May,2,2020,1,False,True
05/23/2020,20200523,23,Saturday,Sat,6,21,5,May,May,2,2020,1,True,False
05/24/2020,20200524,24,Sunday,Sun,7,21,5,May,May,2,2020,1,True,False
05/25/2020,20200525,25,Monday,Mon,1,22,5,May,May,2,2020,1,False,True
05/26/2020,20200526,26,Tuesday,Tue,2,22,5,May,May,2,2020,1,False,True
05/27/2020,20200527,27,Wednesday,Wed,3,22,5,May,May,2,2020,1,False,True
05/28/2020,20200528,28,Thursday,Thu,4,22,5,May,May,2,2020,1,False,True
05/29/2020,20200529,29,Friday,Fri,5,22,5,May,May,2,2020,1,False,True
05/30/2020,20200530,30,Saturday,Sat,6,22,5,May,May,2,2020,1,True,False
05/31/2020,20200531,31,Sunday,Sun,7,22,5,May,May,2,2020,1,True,False
06/01/2020,20200601,1,Monday,Mon,1,23,6,June,Jun,2,2020,1,False,True
06/02/2020,20200602,2,Tuesday,Tue,2,23,6,June,Jun,2,2020,1,False,True
06/03/2020,20200603,3,Wednesday,Wed,3,23,6,June,Jun,2,2020,1,False,True
06/04/2020,20200604,4,Thursday,Thu,4,23,6,June,Jun,2,2020,1,False,True
06/05/2020,20200605,5,Friday,Fri,5,23,6,June,Jun,2,2020,1,False,True
06/06/2020,20200606,6,Saturday,Sat,6,23,6,June,Jun,2,2020,1,True,False
06/07/2020,20200607,7,Sunday,Sun,7,23,6,June,Jun,2,2020,1,True,False
06/08/2020,20200608,8,Monday,Mon,1,24,6,June,Jun,2,2020,1,False,True
06/09/2020,20200609,9,Tuesday,Tue,2,24,6,June,Jun,2,2020,1,False,True
06/10/2020,20200610,10,Wednesday,Wed,3,24,6,June,Jun,2,2020,1,False,True
06/11/2020,20200611,11,Thursday,Thu,4,24,6,June,Jun,2,2020,1,False,True
06/12/2020,20200612,12,Friday,Fri,5,24,6,June,Jun,2,2020,1,False,True
06/13/2020,20200613,13,Saturday,Sat,6,24,6,June,Jun,2,2020,1,True,False
06/14/2020,20200614,14,Sunday,Sun,7,24,6,June,Jun,2,2020,1,True,False
06/15/2020,20200615,15,Monday,Mon,1,25,6,June,Jun,2,2020,1,False,True
06/16/2020,20200616,16,Tuesday,Tue,2,25,6,June,Jun,2,2020,1,False,True
06/17/2020,20200617,17,Wednesday,Wed,3,25,6,June,Jun,2,2020,1,False,True
06/18/2020,20200618,18,Thursday,Thu,4,25,6,June,Jun,2,2020,1,False,True
06/19/2020,20200619,19,Friday,Fri,5,25,6,June,Jun,2,2020,1,False,True
06/20/2020,20200620,20,Saturday,Sat,6,25,6,June,Jun,2,2020,1,True,False
06/21/2020,20200621,21,Sunday,Sun,7,25,6,June,Jun,2,2020,1,True,False
06/22/2020,20200622,22,Monday,Mon,1,26,6,June,Jun,2,2020,1,False,True
06/23/2020,20200623,23,Tuesday,Tue,2,26,6,June,Jun,2,2020,1,False,True
06/24/2020,20200624,24,Wednesday,Wed,3,26,6,June,Jun,2,2020,1,False,True
06/25/2020,20200625,25,Thursday,Thu,4,26,6,June,Jun,2,2020,1,False,True
06/26/2020,20200626,26,Friday,Fri,5,26,6,June,Jun,2,2020,1,False,True
06/27/2020,20200627,27,Saturday,Sat,6,26,6,June,Jun,2,2020,1,True,False
06/28/2020,20200628,28,Sunday,Sun,7,26,6,June,Jun,2,2020,1,True,False
06/29/2020,20200629,29,Monday,Mon,1,27,6,June,Jun,2,2020,1,False,True
06/30/2020,20200630,30,Tuesday,Tue,2,27,6,June,Jun,2,2020,1,False,True
07/01/2020,20200701,1,Wednesday,Wed,3,27,7,July,Jul,3,2020,2,False,True
07/02/2020,20200702,2,Thursday,Thu,4,27,7,July,Jul,3,2020,2,False,True
07/03/2020,20200703,3,Friday,Fri,5,27,7,July,Jul,3,2020,2,False,True
07/04/2020,20200704,4,Saturday,Sat,6,27,7,July,Jul,3,2020,2,True,False
07/05/2020,20200705,5,Sunday,Sun,7,27,7,July,Jul,3,2020,2,True,False
07/06/2020,20200706,6,Monday,Mon,1,28,7,July,Jul,3,2020,2,False,True
07/07/2020,20200707,7,Tuesday,Tue,2,28,7,July,Jul,3,2020,2,False,True
07/08/2020,20200708,8,Wednesday,Wed,3,28,7,July,Jul,3,2020,2,False,True
07/09/2020,20200709,9,Thursday,Thu,4,28,7,July,Jul,3,2020,2,False,True
07/10/2020,20200710,10,Friday,Fri,5,28,7,July,Jul,3,2020,2,False,True
07/11/2020,20200711,11,Saturday,Sat,6,28,7,July,Jul,3,2020,2,True,False
07/12/2020,20200712,12,Sunday,Sun,7,28,7,July,Jul,3,2020,2,True,False
07/13/2020,20200713,13,Monday,Mon,1,29,7,July,Jul,3,2020,2,False,True
07/14/2020,20200714,14,Tuesday,Tue,2,29,7,July,Jul,3,2020,2,False,True
07/15/2020,20200715,15,Wednesday,Wed,3,29,7,July,Jul,3,2020,2,False,True
07/16/2020,20200716,16,Thursday,Thu,4,29,7,July,Jul,3,2020,2,False,True
07/17/2020,20200717,17,Friday,Fri,5,29,7,July,Jul,3,2020,2,False,True
07/18/2020,20200718,18,Saturday,Sat,6,29,7,July,Jul,3,2020,2,True,False
07/19/2020,20200719,19,Sunday,Sun,7,29,7,July,Jul,3,2020,2,True,False
07/20/2020,20200720,20,Monday,Mon,1,30,7,July,Jul,3,2020,2,False,True
07/21/2020,20200721,21,Tuesday,Tue,2,30,7,July,Jul,3,2020,2,False,True
07/22/2020,20200722,22,Wednesday,Wed,3,30,7,July,Jul,3,2020,2,False,True
07/23/2020,20200723,23,Thursday,Thu,4,30,7,July,Jul,3,2020,2,False,True
07/24/2020,20200724,24,Friday,Fri,5,30,7,July,Jul,3,2020,2,False,True
07/25/2020,20200725,25,Saturday,Sat,6,30,7,July,Jul,3,2020,2,True,False
07/26/2020,20200726,26,Sunday,Sun,7,30,7,July,Jul,3,2020,2,True,False
07/27/2020,20200727,27,Monday,Mon,1,31,7,July,Jul,3,2020,2,False,True
07/28/2020,20200728,28,Tuesday,Tue,2,31,7,July,Jul,3,2020,2,False,True
07/29/2020,20200729,29,Wednesday,Wed,3,31,7,July,Jul,3,2020,2,False,True
07/30/2020,20200730,30,Thursday,Thu,4,31,7,July,Jul,3,2020,2,False,True
07/31/2020,20200731,31,Friday,Fri,5,31,7,July,Jul,3,2020,2,False,True
08/01/2020,20200801,1,Saturday,Sat,6,31,8,August,Aug,3,2020,2,True,False
08/02/2020,20200802,2,Sunday,Sun,7,31,8,August,Aug,3,2020,2,True,False
08/03/2020,20200803,3,Monday,Mon,1,32,8,August,Aug,3,2020,2,False,True
08/04/2020,20200804,4,Tuesday,Tue,2,32,8,August,Aug,3,2020,2,False,True
08/05/2020,20200805,5,Wednesday,Wed,3,32,8,August,Aug,3,2020,2,False,True
08/06/2020,20200806,6,Thursday,Thu,4,32,8,August,Aug,3,2020,2,False,True
08/07/2020,20200807,7,Friday,Fri,5,32,8,August,Aug,3,2020,2,False,True
08/08/2020,20200808,8,Saturday,Sat,6,32,8,August,Aug,3,2020,2,True,False
08/09/2020,20200809,9,Sunday,Sun,7,32,8,August,Aug,3,2020,2,True,False
08/10/2020,20200810,10,Monday,Mon,1,33,8,August,Aug,3,2020,2,False,True
08/11/2020,20200811,11,Tuesday,Tue,2,33,8,August,Aug,3,2020,2,False,True
08/12/2020,20200812,12,Wednesday,Wed,3,33,8,August,Aug,3,2020,2,False,True
08/13/2020,20200813,13,Thursday,Thu,4,33,8,August,Aug,3,2020,2,False,True
08/14/2020,20200814,14,Friday,Fri,5,33,8,August,Aug,3,2020,2,False,True
08/15/2020,20200815,15,Saturday,Sat,6,33,8,August,Aug,3,2020,2,True,False
08/16/2020,20200816,16,Sunday,Sun,7,33,8,August,Aug,3,2020,2,True,False
08/17/2020,20200817,17,Monday,Mon,1,34,8,August,Aug,3,2020,2,False,True
08/18/2020,20200818,18,Tuesday,Tue,2,34,8,August,Aug,3,2020,2,False,True
08/19/2020,20200819,19,Wednesday,Wed,3,34,8,August,Aug,3,2020,2,False,True
08/20/2020,20200820,20,Thursday,Thu,4,34,8,August,Aug,3,2020,2,False,True
08/21/2020,20200821,21,Friday,Fri,5,34,8,August,Aug,3,2020,2,False,True
08/22/2020,20200822,22,Saturday,Sat,6,34,8,August,Aug,3,2020,2,True,False
08/23/2020,20200823,23,Sunday,Sun,7,34,8,August,Aug,3,2020,2,True,False
08/24/2020,20200824,24,Monday,Mon,1,35,8,August,Aug,3,2020,2,False,True
08/25/2020,20200825,25,Tuesday,Tue,2,35,8,August,Aug,3,2020,2,False,True
08/26/2020,20200826,26,Wednesday,Wed,3,35,8,August,Aug,3,2020,2,False,True
08/27/2020,20200827,27,Thursday,Thu,4,35,8,August,Aug,3,2020,2,False,True
08/28/2020,20200828,28,Friday,Fri,5,35,8,August,Aug,3,2020,2,False,True
08/29/2020,20200829,29,Saturday,Sat,6,35,8,August,Aug,3,2020,2,True,False
08/30/2020,20200830,30,Sunday,Sun,7,35,8,August,Aug,3,2020,2,True,False
08/31/2020,20200831,31,Monday,Mon,1,36,8,August,Aug,3,2020,2,False,True
09/01/2020,20200901,1,Tuesday,Tue,2,36,9,September,Sep,3,2020,2,False,True
09/02/2020,20200902,2,Wednesday,Wed,3,36,9,September,Sep,3,2020,2,False,True
09/03/2020,20200903,3,Thursday,Thu,4,36,9,September,Sep,3,2020,2,False,True
09/04/2020,20200904,4,Friday,Fri,5,36,9,September,Sep,3,2020,2,False,True
09/05/2020,20200905,5,Saturday,Sat,6,36,9,September,Sep,3,2020,2,True,False
09/06/2020,20200906,6,Sunday,Sun,7,36,9,September,Sep,3,2020,2,True,False
09/07/2020,20200907,7,Monday,Mon,1,37,9,September,Sep,3,2020,2,False,True
09/08/2020,20200908,8,Tuesday,Tue,2,37,9,September,Sep,3,2020,2,False,True
09/09/2020,20200909,9,Wednesday,Wed,3,37,9,September,Sep,3,2020,2,False,True
09/10/2020,20200910,10,Thursday,Thu,4,37,9,September,Sep,3,2020,2,False,True
09/11/2020,20200911,11,Friday,Fri,5,37,9,September,Sep,3,2020,2,False,True
09/12/2020,20200912,12,Saturday,Sat,6,37,9,September,Sep,3,2020,2,True,False
09/13/2020,20200913,13,Sunday,Sun,7,37,9,September,Sep,3,2020,2,True,False
09/14/2020,20200914,14,Monday,Mon,1,38,9,September,Sep,3,2020,2,False,True
09/15/2020,20200915,15,Tuesday,Tue,2,38,9,September,Sep,3,2020,2,False,True
09/16/2020,20200916,16,Wednesday,Wed,3,38,9,September,Sep,3,2020,2,False,True
09/17/2020,20200917,17,Thursday,Thu,4,38,9,September,Sep,3,2020,2,False,True
09/18/2020,20200918,18,Friday,Fri,5,38,9,September,Sep,3,2020,2,False,True
09/19/2020,20200919,19,Saturday,Sat,6,38,9,September,Sep,3,2020,2,True,False
09/20/2020,20200920,20,Sunday,Sun,7,38,9,September,Sep,3,2020,2,True,False
09/21/2020,20200921,21,Monday,Mon,1,39,9,September,Sep,3,2020,2,False,True
09/22/2020,20200922,22,Tuesday,Tue,2,39,9,September,Sep,3,2020,2,False,True
09/23/2020,20200923,23,Wednesday,Wed,3,39,9,September,Sep,3,2020,2,False,True
09/24/2020,20200924,24,Thursday,Thu,4,39,9,September,Sep,3,2020,2,False,True
09/25/2020,20200925,25,Friday,Fri,5,39,9,September,Sep,3,2020,2,False,True
09/26/2020,20200926,26,Saturday,Sat,6,39,9,September,Sep,3,2020,2,True,False
09/27/2020,20200927,27,Sunday,Sun,7,39,9,September,Sep,3,2020,2,True,False
09/28/2020,20200928,28,Monday,Mon,1,40,9,September,Sep,3,2020,2,False,True
09/29/2020,20200929,29,Tuesday,Tue,2,40,9,September,Sep,3,2020,2,False,True
09/30/2020,20200930,30,Wednesday,Wed,3,40,9,September,Sep,3,2020,2,False,True
10/01/2020,20201001,1,Thursday,Thu,4,40,10,October,Oct,4,2020,2,False,True
10/02/2020,20201002,2,Friday,Fri,5,40,10,October,Oct,4,2020,2,False,True
10/03/2020,20201003,3,Saturday,Sat,6,40,10,October,Oct,4,2020,2,True,False
10/04/2020,20201004,4,Sunday,Sun,7,40,10,October,Oct,4,2020,2,True,False
10/05/2020,20201005,5,Monday,Mon,1,41,10,October,Oct,4,2020,2,False,True
10/06/2020,20201006,6,Tuesday,Tue,2,41,10,October,Oct,4,2020,2,False,True
10/07/2020,20201007,7,Wednesday,Wed,3,41,10,October,Oct,4,2020,2,False,True
10/08/2020,20201008,8,Thursday,Thu,4,41,10,October,Oct,4,2020,2,False,True
10/09/2020,20201009,9,Friday,Fri,5,41,10,October,Oct,4,2020,2,False,True
10/10/2020,20201010,10,Saturday,Sat,6,41,10,October,Oct,4,2020,2,True,False
10/11/2020,20201011,11,Sunday,Sun,7,41,10,October,Oct,4,2020,2,True,False
10/12/2020,20201012,12,Monday,Mon,1,42,10,October,Oct,4,2020,2,False,True
10/13/2020,20201013,13,Tuesday,Tue,2,42,10,October,Oct,4,2020,2,False,True
10/14/2020,20201014,14,Wednesday,Wed,3,42,10,October,Oct,4,2020,2,False,True
10/15/2020,20201015,15,Thursday,Thu,4,42,10,October,Oct,4,2020,2,False,True
10/16/2020,20201016,16,Friday,Fri,5,42,10,October,Oct,4,2020,2,False,True
10/17/2020,20201017,17,Saturday,Sat,6,42,10,October,Oct,4,2020,2,True,False
10/18/2020,20201018,18,Sunday,Sun,7,42,10,October,Oct,4,2020,2,True,False
10/19/2020,20201019,19,Monday,Mon,1,43,10,October,Oct,4,2020,2,False,True
10/20/2020,20201020,20,Tuesday,Tue,2,43,10,October,Oct,4,2020,2,False,True
10/21/2020,20201021,21,Wednesday,Wed,3,43,10,October,Oct,4,2020,2,False,True
10/22/2020,20201022,22,Thursday,Thu,4,43,10,October,Oct,4,2020,2,False,True
10/23/2020,20201023,23,Friday,Fri,5,43,10,October,Oct,4,2020,2,False,True
10/24/2020,20201024,24,Saturday,Sat,6,43,10,October,Oct,4,2020,2,True,False
10/25/2020,20201025,25,Sunday,Sun,7,43,10,October,Oct,4,2020,2,True,False
10/26/2020,20201026,26,Monday,Mon,1,44,10,October,Oct,4,2020,2,False,True
10/27/2020,20201027,27,Tuesday,Tue,2,44,10,October,Oct,4,2020,2,False,True
10/28/2020,20201028,28,Wednesday,Wed,3,44,10,October,Oct,4,2020,2,False,True
10/29/2020,20201029,29,Thursday,Thu,4,44,10,October,Oct,4,2020,2,False,True
10/30/2020,20201030,30,Friday,Fri,5,44,10,October,Oct,4,2020,2,False,True
10/31/2020,20201031,31,Saturday,Sat,6,44,10,October,Oct,4,2020,2,True,False
11/01/2020,20201101,1,Sunday,Sun,7,44,11,November,Nov,4,2020,2,True,False
11/02/2020,20201102,2,Monday,Mon,1,45,11,November,Nov,4,2020,2,False,True
11/03/2020,20201103,3,Tuesday,Tue,2,45,11,November,Nov,4,2020,2,False,True
11/04/2020,20201104,4,Wednesday,Wed,3,45,11,November,Nov,4,2020,2,False,True
11/05/2020,20201105,5,Thursday,Thu,4,45,11,November,Nov,4,2020,2,False,True
11/06/2020,20201106,6,Friday,Fri,5,45,11,November,Nov,4,2020,2,False,True
11/07/2020,20201107,7,Saturday,Sat,6,45,11,November,Nov,4,2020,2,True,False
11/08/2020,20201108,8,Sunday,Sun,7,45,11,November,Nov,4,2020,2,True,False
11/09/2020,20201109,9,Monday,Mon,1,46,11,November,Nov,4,2020,2,False,True
11/10/2020,20201110,10,Tuesday,Tue,2,46,11,November,Nov,4,2020,2,False,True
11/11/2020,20201111,11,Wednesday,Wed,3,46,11,November,Nov,4,2020,2,False,True
11/12/2020,20201112,12,Thursday,Thu,4,46,11,November,Nov,4,2020,2,False,True
11/13/2020,20201113,13,Friday,Fri,5,46,11,November,Nov,4,2020,2,False,True
11/14/2020,20201114,14,Saturday,Sat,6,46,11,November,Nov,4,2020,2,True,False
11/15/2020,20201115,15,Sunday,Sun,7,46,11,November,Nov,4,2020,2,True,False
11/16/2020,20201116,16,Monday,Mon,1,47,11,November,Nov,4,2020,2,False,True
11/17/2020,20201117,17,Tuesday,Tue,2,47,11,November,Nov,4,2020,2,False,True
11/18/2020,20201118,18,Wednesday,Wed,3,47,11,November,Nov,4,2020,2,False,True
11/19/2020,20201119,19,Thursday,Thu,4,47,11,November,Nov,4,2020,2,False,True
11/20/2020,20201120,20,Friday,Fri,5,47,11,November,Nov,4,2020,2,False,True
11/21/2020,20201121,21,Saturday,Sat,6,47,11,November,Nov,4,2020,2,True,False
11/22/2020,20201122,22,Sunday,Sun,7,47,11,November,Nov,4,2020,2,True,False
11/23/2020,20201123,23,Monday,Mon,1,48,11,November,Nov,4,2020,2,False,True
11/24/2020,20201124,24,Tuesday,Tue,2,48,11,November,Nov,4,2020,2,False,True
11/25/2020,20201125,25,Wednesday,Wed,3,48,11,November,Nov,4,2020,2,False,True
11/26/2020,20201126,26,Thursday,Thu,4,48,11,November,Nov,4,2020,2,False,True
11/27/2020,20201127,27,Friday,Fri,5,48,11,November,Nov,4,2020,2,False,True
11/28/2020,20201128,28,Saturday,Sat,6,48,11,November,Nov,4,2020,2,True,False
11/29/2020,20201129,29,Sunday,Sun,7,48,11,November,Nov,4,2020,2,True,False
11/30/2020,20201130,30,Monday,Mon,1,49,11,November,Nov,4,2020,2,False,True
12/01/2020,20201201,1,Tuesday,Tue,2,49,12,December,Dec,4,2020,2,False,True
12/02/2020,20201202,2,Wednesday,Wed,3,49,12,December,Dec,4,2020,2,False,True
12/03/2020,20201203,3,Thursday,Thu,4,49,12,December,Dec,4,2020,2,False,True
12/04/2020,20201204,4,Friday,Fri,5,49,12,December,Dec,4,2020,2,False,True
12/05/2020,20201205,5,Saturday,Sat,6,49,12,December,Dec,4,2020,2,True,False
12/06/2020,20201206,6,Sunday,Sun,7,49,12,December,Dec,4,2020,2,True,False
12/07/2020,20201207,7,Monday,Mon,1,50,12,December,Dec,4,2020,2,False,True
12/08/2020,20201208,8,Tuesday,Tue,2,50,12,December,Dec,4,2020,2,False,True
12/09/2020,20201209,9,Wednesday,Wed,3,50,12,December,Dec,4,2020,2,False,True
12/10/2020,20201210,10,Thursday,Thu,4,50,12,December,Dec,4,2020,2,False,True
12/11/2020,20201211,11,Friday,Fri,5,50,12,December,Dec,4,2020,2,False,True
12/12/2020,20201212,12,Saturday,Sat,6,50,12,December,Dec,4,2020,2,True,False
12/13/2020,20201213,13,Sunday,Sun,7,50,12,December,Dec,4,2020,2,True,False
12/14/2020,20201214,14,Monday,Mon,1,51,12,December,Dec,4,2020,2,False,True
12/15/2020,20201215,15,Tuesday,Tue,2,51,12,December,Dec,4,2020,2,False,True
12/16/2020,20201216,16,Wednesday,Wed,3,51,12,December,Dec,4,2020,2,False,True
12/17/2020,20201217,17,Thursday,Thu,4,51,12,December,Dec,4,2020,2,False,True
12/18/2020,20201218,18,Friday,Fri,5,51,12,December,Dec,4,2020,2,False,True
12/19/2020,20201219,19,Saturday,Sat,6,51,12,December,Dec,4,2020,2,True,False
12/20/2020,20201220,20,Sunday,Sun,7,51,12,December,Dec,4,2020,2,True,False
12/21/2020,20201221,21,Monday,Mon,1,52,12,December,Dec,4,2020,2,False,True
12/22/2020,20201222,22,Tuesday,Tue,2,52,12,December,Dec,4,2020,2,False,True
12/23/2020,20201223,23,Wednesday,Wed,3,52,12,December,Dec,4,2020,2,False,True
12/24/2020,20201224,24,Thursday,Thu,4,52,12,December,Dec,4,2020,2,False,True
12/25/2020,20201225,25,Friday,Fri,5,52,12,December,Dec,4,2020,2,False,True
12/26/2020,20201226,26,Saturday,Sat,6,52,12,December,Dec,4,2020,2,True,False
12/27/2020,20201227,27,Sunday,Sun,7,52,12,December,Dec,4,2020,2,True,False
12/28/2020,20201228,28,Monday,Mon,1,53,12,December,Dec,4,2020,2,False,True
12/29/2020,20201229,29,Tuesday,Tue,2,53,12,December,Dec,4,2020,2,False,True
12/30/2020,20201230,30,Wednesday,Wed,3,53,12,December,Dec,4,2020,2,False,True
12/31/2020,20201231,31,Thursday,Thu,4,53,12,December,Dec,4,2020,2,False,True
